{
    "entry_id": "7rss",
    "ref_to_model_chain_mapping": {
        "A": "A0",
        "B": "B0",
        "C": "C0"
    },
    "ref_chain_info": {
        "A": {
            "label_entity_id": "1",
            "entity_type": "polypeptide(L)"
        },
        "B": {
            "label_entity_id": "2",
            "entity_type": "polydeoxyribonucleotide"
        },
        "C": {
            "label_entity_id": "3",
            "entity_type": "polydeoxyribonucleotide"
        }
    },
    "complex": {
        "clashes": 0,
        "lddt": 0.9469227849197736
    },
    "chain": {
        "A": {
            "lddt": 0.9589892443592952
        },
        "B": {
            "lddt": 0.9442877198559017
        },
        "C": {
            "lddt": 0.9349607075816869
        }
    },
    "interface": {
        "A,B": {
            "lddt": 0.9218669898327078,
            "dockq": 0.9058504134168937,
            "dockq_info": {
                "F1": 0.890625,
                "iRMSD": 0.6679627105782581,
                "LRMSD": 1.2667283017407032,
                "fnat": 0.9047619047619048,
                "nat_correct": 57,
                "nat_total": 63,
                "fnonnat": 0.12307692307692308,
                "nonnat_count": 8,
                "model_total": 65,
                "clashes": 0,
                "len1": 756,
                "len2": 15,
                "class1": "receptor",
                "class2": "ligand",
                "is_het": false
            }
        },
        "A,C": {
            "lddt": 0.9204973978590781,
            "dockq": 0.9184566686632475,
            "dockq_info": {
                "F1": 0.9292929292929293,
                "iRMSD": 0.6779953558629727,
                "LRMSD": 1.5780931699485523,
                "fnat": 0.9583333333333334,
                "nat_correct": 46,
                "nat_total": 48,
                "fnonnat": 0.09803921568627451,
                "nonnat_count": 5,
                "model_total": 51,
                "clashes": 0,
                "len1": 756,
                "len2": 13,
                "class1": "receptor",
                "class2": "ligand",
                "is_het": false
            }
        },
        "B,C": {
            "lddt": 0.9314632275247152,
            "dockq": 0.8398517885590012,
            "dockq_info": {
                "F1": 0.9866666666666667,
                "iRMSD": 1.3491560435379033,
                "LRMSD": 1.5761237150872154,
                "fnat": 1.0,
                "nat_correct": 37,
                "nat_total": 37,
                "fnonnat": 0.02631578947368421,
                "nonnat_count": 1,
                "model_total": 38,
                "clashes": 0,
                "len1": 15,
                "len2": 13,
                "class1": "receptor",
                "class2": "ligand",
                "is_het": false
            }
        }
    },
    "ori_model_chain_ids": [
        "A0",
        "B0",
        "C0"
    ]
}
